,0
butter,2336
granulated sugar,248
eggs,1377
bananas,143
all-purpose flour,788
baking soda,767
salt,3569
vanilla,697
boneless chicken breasts,34
olive oil,1009
garlic clove,248
ginger,101
crushed red pepper flakes,128
light brown sugar,108
ketchup,140
cider vinegar,86
water,1333
soy sauce,357
Italian sausage,37
onion,1333
garlic cloves,760
diced tomatoes,119
tomato paste,132
tomato sauce,195
basil,108
dried parsley flakes,36
brown sugar,817
fresh coarse ground black pepper,42
red wine,43
parmesan cheese,654
boneless skinless chicken breast halves,92
linguine,23
Cajun Seasoning Mix,1
green onion,214
heavy whipping cream,39
sun-dried tomatoes,10
dried basil,162
ground black pepper,158
garlic powder,596
flour,1251
baking powder,778
sugar,1915
beer,48
lemon juice,452
buttermilk,166
cream cheese,427
icing sugar,33
walnuts,194
ground beef,257
egg,734
garlic,764
fresh ground black pepper,232
milk,1024
dried oregano,229
fresh parsley,283
beef roast,8
cornstarch,317
boneless round steak,3
broccoli florets,19
reduced sodium soy sauce,13
ground ginger,116
cooked rice,56
toasted sesame seeds,15
kosher salt,175
unsalted butter,254
dark brown sugar,44
oats,23
raisins,125
sweet onion,38
table salt,19
black pepper,539
half-and-half,73
apple cider vinegar,30
russet baking potatoes,1
Accent seasoning,6
red pepper flakes,96
kale,14
chicken broth,393
hickory smoke salt,1
paprika,380
barbecue sauce,66
margarine,283
sour cream,483
cream of tartar,48
cinnamon,520
vanilla extract,377
chicken breast,15
flour tortillas,70
monterey jack cheese,107
green chilies,59
potatoes,245
cayenne pepper,261
sharp cheddar cheese,92
cheese,87
chicken pieces,15
unbleached all-purpose flour,23
seasoning salt,156
white pepper,95
chocolate chips,120
maraschino cherry,8
miniature marshmallow,9
yellow onion,60
cheddar cheese,357
sweet butter,5
heavy cream,154
mozzarella cheese,211
angel hair pasta,20
parsley,222
cracked black pepper,29
onion powder,177
thyme,113
roasting chicken,5
salsa,108
ground cumin,204
dried oregano leaves,22
green onions,205
honey,276
chili powder,271
fresh ground pepper,109
white sugar,208
half-and-half cream,44
fresh broccoli,7
carrot,193
nutmeg,184
lime juice,69
cumin,172
sweet peppers,1
chopped tomato,21
chicken,67
bean sprouts,15
light soy sauce,23
macaroni,18
boneless skinless chicken breasts,181
ground turkey,32
catsup,33
Worcestershire sauce,299
potato,37
celery,317
pepper,853
lemon,123
sea salt,62
onions,311
green pepper,146
Mexican-style tomatoes,4
kidney beans,31
black beans,80
chicken drumsticks,7
hot chili pepper,2
tomatoes,299
long grain white rice,9
canola oil,134
minced garlic cloves,19
fresh cilantro,115
lime,51
vegetable broth,32
cabbage,81
green beans,38
zucchini,138
oregano,204
creamy peanut butter,43
active dry yeast,95
warm water,115
cornmeal,64
frozen chopped spinach,31
artichoke hearts,19
mayonnaise,356
green peppers,24
beef,16
long grain rice,30
dry mustard,89
vinegar,144
graham cracker crumbs,30
" ""confectioners' sugar""",85
peanut butter,97
cold water,60
shortening,136
carrots,194
Rotel tomatoes & chilies,9
corn,42
chicken meat,8
corn tortilla chips,2
ginger ale,6
quick-cooking oats,37
chicken wings,27
frozen hash browns,6
lean ground beef,101
whole tomatoes,15
ricotta cheese,39
pecans,177
powdered sugar,204
spaghetti,36
green seedless grapes,1
red seedless grapes,7
light olive oil,6
salmon fillets,35
lemon pepper seasoning,5
penne,9
parsley flakes,38
red chili powder,4
lentils,15
dried parsley,61
pinto beans,20
white beans,8
diced green chilies,28
sweet Italian sausage link,3
dried red pepper flakes,12
Italian plum tomatoes,2
pasta,26
blueberries,50
lamb,2
fresh thyme,40
mashed potatoes,20
albacore tuna,4
canning salt,5
real vanilla,1
cooking apples,1
ground cinnamon,216
light corn syrup,43
rosemary,50
ground cloves,85
molasses,55
lemon zest,48
flaked coconut,28
crushed pineapple,42
boneless skinless chicken,12
orange,21
 zest of,32
gingerroot,25
rice wine,12
boiling water,73
bread flour,85
bay leaves,93
ground pepper,44
fresh mushrooms,76
white chocolate bark,1
white vinegar,118
yellow mustard,18
evaporated milk,78
mushrooms,63
tuna,13
corn syrup,26
broccoli,39
white wine,67
chicken legs,4
bacon,250
Miracle Whip,18
mustard,42
fresh blueberries,31
ground nutmeg,68
Bulk Taco Seasoning Mix,2
boneless skinless chicken breast,39
tea bags,5
bay leaf,102
fennel seed,13
instant chocolate pudding mix,18
hot water,60
plain yogurt,30
jalapeno chile,3
ground coriander,43
garam masala,23
sun-dried tomato,11
fresh lemon rind,14
lemon pepper,24
curry powder,66
dried thyme,156
fresh herb,6
hoisin sauce,29
vanilla instant pudding mix,25
dark rum,5
low-fat buttermilk,6
tomatoes and green chilies,8
whole canned tomatoes,2
chicken tenderloins,2
process American cheese,2
 juice of,31
extra virgin olive oil,173
cottage cheese,17
celery seeds,11
prepared mustard,58
Brussels sprouts,4
whole chicken,6
chives,56
ham,49
chicken bouillon granules,7
celery ribs,48
hard-boiled eggs,42
fettuccine,8
maple syrup,37
smoked sausage,18
large shrimp,21
chicken thighs,25
ham bone,10
beef bouillon cubes,22
black peppercorns,14
lemon-pepper seasoning,8
dill weed,32
anaheim chilies,4
cilantro,93
Tabasco sauce,76
chipotle pepper,2
avocado,33
tortilla chips,22
chicken breasts,76
Season-All salt,6
chicken stove top stuffing mix,1
all-purpose white flour,5
green cabbage,23
fresh lemon juice,162
beef stew meat,13
jumbo shrimp,6
dried cranberries,30
white chocolate chips,23
cake flour,17
instant garlic,1
clove,28
poultry seasoning,25
mustard powder,16
black olives,59
red chili sauce,1
masa harina,1
boneless skinless chicken thighs,19
red bell peppers,18
mild cheddar cheese,8
andouille sausage,1
green bell pepper,99
red bell pepper,91
sweet paprika,13
medium shrimp,16
red kidney beans,18
white kidney beans,5
medium grain rice,3
cooked brown rice,4
fresh tomatoes,19
red onion,119
fresh lime juice,53
lemon juice concentrate,2
chicken flavor instant bouillon,2
rotini pasta,12
lettuce,51
cocoa powder,47
oatmeal,43
fresh ginger,111
dry crushed red pepper,9
beef broth,84
boneless beef short ribs,1
red wine vinegar,105
chili sauce,26
swiss cheese,58
Pepperidge Farm Herb Stuffing,1
baby clams,3
dried dill weed,22
frozen corn,29
dry white wine,70
non-fat tortilla chips,1
seedless grapes,4
russet potatoes,35
pure vanilla extract,50
celery seed,48
diced tomatoes with green chilies,4
dark beer,5
chili beans,6
sweet onions,14
tomato puree,20
plum tomatoes,37
cloves,11
powdered ginger,6
chicken bouillon cubes,33
real butter,10
chopped tomatoes,19
chickpeas,44
saffron,4
ras el hanout spice mix,2
fresh coriander,14
preserved lemon,1
harissa,1
pickling cucumbers,2
coarse salt,28
turmeric,48
mustard seeds,20
" ""Hellmann's mayonnaise""",3
" ""confectioners' sugar""]",51
baking potatoes,34
fresh chives,39
stewed tomatoes,29
rice,37
muenster cheese,3
Velveeta cheese,28
sweetened condensed milk,67
london broil beef,4
chorizo sausage,7
cilantro leaf,9
fresh spinach,34
white flour,21
garbanzo beans,21
vegetarian baked beans,1
whole kernel corn,30
chilies,2
chicken breast halves,16
fast rise yeast,10
plain low-fat yogurt,8
russet potato,6
bread machine yeast,20
white bread flour,24
elbow macaroni,38
fresh parsley leaves,13
lemon wedges,8
white wine vinegar,27
cranberries,15
parmesan-romano cheese mix,1
roasted garlic alfredo sauce,1
French vanilla instant pudding,5
9-inch graham cracker crust,2
roma tomatoes,23
fresh basil,103
fresh cracked pepper,7
parmigiano-reggiano cheese,11
asparagus,29
chicken bouillon cube,13
instant coffee,13
 rind of,20
water-packed artichoke hearts,6
idaho potatoes,6
pineapple chunks,11
strawberry,27
banana,60
grapes,3
tri-colored pasta,1
red onions,11
provolone cheese,25
fresh garlic,47
rice vinegar,32
rhubarb,14
sweet unsalted butter,4
Bisquick,15
firm bananas,1
Cool Whip,58
blended oatmeal,1
dill pickle,13
rolled oats,55
flax seed meal,8
" ""brewer's yeast""]",1
broiler-fryer chicken,2
instant vanilla pudding,29
apples,81
white cornmeal,4
salted butter,15
green peas,6
allspice,44
skinless chicken thighs,11
shallot,30
fish sauce,25
irish cream,7
American cheese,22
pickle,5
sugar snap pea,3
garlic granules,4
extra-sharp cheddar cheese,4
soya sauce,9
chicken bouillon,16
shrimp,64
cumin powder,7
corn tortillas,33
low-fat cheddar cheese,9
dried sweetened cranberries,5
feta cheese,62
walnut pieces,7
Dijon mustard,166
dried great northern beans,2
smoked ham,4
graham cracker crust,7
dry lentils,8
pineapple,11
maraschino cherries,10
marsala wine,9
cream sherry,2
beef top round steak,2
yellow bell pepper,8
white rice,16
broth,9
dry red wine,29
lime slices,2
lemon slices,2
brandy,10
Cointreau liqueur,3
instant yeast,14
mushroom,57
caster sugar,9
Quicker Quaker Oats,2
bacon grease,8
canned salmon,4
shallots,43
dry marsala,2
Mexican oregano,4
basil pesto,5
whole grain wheat flour,1
dry active yeast,7
stevia powder,1
fresh white mushrooms,3
brown rice,16
scallion,43
lean ground turkey,4
rum,9
English cucumber,8
kalamata olive,14
great northern beans,14
hominy,2
light mayonnaise,14
ground pork,22
cabbage and carrot coleslaw mix,2
yukon gold potatoes,13
chocolate,6
dried rosemary,50
country-style boneless pork ribs,2
cayenne,56
hamburger,13
cauliflower,24
fresh rosemary,44
clams,6
yellow cornmeal,26
Kitchen Bouquet,5
romaine lettuce,24
horseradish,15
salmon,9
dry yeast,42
poppy seeds,8
tapioca flour,9
xanthan gum,16
egg substitute,19
boneless chicken breast halves,6
canned pumpkin,23
sage,24
turkey,10
Quaker Oats,3
whole wheat flour,75
pork sausage,10
ziti pasta,15
Jello Instant Vanilla Pudding Mix,1
non-dairy whipped topping,4
graham crackers,6
instant minced garlic,7
ground allspice,34
kidney bean,7
Jello gelatin,6
light cream cheese,10
turkey meat,3
1% low-fat milk,17
bow tie pasta,19
cooked ham,33
bulk sausage,5
chunky salsa,8
sweet potatoes,36
fresh dill,38
dried marjoram,22
Splenda sugar substitute,16
long grain brown rice,2
jumbo pasta shells,7
fresh garlic cloves,13
basil leaves,19
oregano leaves,10
msg,4
fat-free chicken broth,4
avocados,23
2% low-fat milk,11
baby shrimp,4
sweet Italian sausage links,2
dry oregano,5
dry basil,2
tomatoes with juice,5
cannellini beans,13
small shell pasta,3
flat leaf parsley,18
pumpkin,45
fat free cream cheese,3
marshmallows,17
French baguette,2
beef bouillon powder,5
frozen blueberries,12
strawberries,26
ginger powder,6
liquid honey,12
tomato juice,17
fresh Italian parsley,8
reduced fat graham cracker crust,3
sugar-free lime gelatin,1
boneless beef chuck roast,5
lager beer,2
marjoram,19
granny smith apples,19
ground sage,16
golden delicious apples,3
apple pie spice,2
caraway seeds,10
beef ribs,3
iceberg lettuce,14
mandarin oranges,9
coconut milk,30
crystallized ginger,2
mashed sweet potatoes,6
corned beef brisket,13
brown mustard,6
fresh asparagus,14
unsifted flour,6
distilled white vinegar,8
whole milk cottage cheese,1
artificial sweetener,2
vodka,17
red maraschino cherry,1
green maraschino cherry,1
ham hocks,4
cod fish fillets,10
plain flour,27
bicarbonate of soda,4
vanilla essence,7
lemon wedge,18
tea bag,1
fresh lemon,4
chicken cutlets,3
miniature marshmallows,9
kernel corn,6
nonfat sour cream,13
corned beef,5
baby red potatoes,5
spicy mustard,2
tart cherries,1
white potatoes,4
cooking wine,5
cooked white rice,13
banana pepper,2
cucumber,51
pickling salt,9
grits,2
baguette,7
fresh basil leaf,17
spicy brown mustard,3
monterey jack and cheddar cheese blend,6
thyme leaves,8
sauerkraut,14
beef kielbasa,1
roasting chickens,6
turbinado sugar,2
plum tomato,4
pitted dates,3
green chili,13
cumin seed,10
frozen broccoli,5
Velveeta reduced fat cheese product,2
mahi mahi,1
white chocolate,9
lump crabmeat,7
chicken thigh,1
coconut,40
lemon rind,10
raspberries,13
yellow onions,20
white mushrooms,5
fat-free mayonnaise,3
eggplant,23
kirsch,2
dry milk,8
dark chocolate,5
water chestnuts,10
" ""Hellmann's mayonnaise""]",1
puff pastry,6
button mushroom,10
tart apples,12
prepared yellow mustard,11
liquid smoke,26
strawberry gelatin,6
frozen strawberries,7
green bell peppers,16
pickle juice,10
unsalted dry roasted peanuts,2
German chocolate bars,1
red sweet bell pepper,5
condensed beef broth,3
spaghetti noodles,3
herbs,5
chipotle chiles in adobo,11
low sodium chicken broth,33
vegetable shortening,27
canned black beans,9
corn kernel,8
pumpkin puree,17
Carnation Evaporated Milk,2
mushroom stems and pieces,3
escarole,2
orzo pasta,15
limes,23
low sodium salt,2
cabbage leaves,3
white hominy,3
pork broth,1
diced green chilis,1
ancho chilies,1
colby cheese,9
coarse black pepper,10
skinless chicken pieces,2
curry paste,2
beef round steak,5
frozen green beans,3
barley,15
beef bouillon granules,10
Ro-Tel tomatoes,4
head romaine lettuce,1
garlic-flavored croutons,2
anchovy fillets,3
red apples,1
bell peppers,15
whole chickens,12
celery leaves,5
salmon steaks,4
grape tomatoes,13
fresh spinach leaves,6
creme fraiche,11
cherry tomatoes,29
ground flax seeds,7
soymilk,17
part-skim mozzarella cheese,4
Canadian bacon,3
tahini,21
pumpkin pie filling,3
apple,21
self rising flour,7
blue cheese,17
ground lamb,5
hash browns,5
halibut fillet,1
oleo,8
romano cheese,32
fresh strawberries,32
beef flank steak,4
cayenne powder,2
roasted peanuts,6
white button mushrooms,6
sausage,10
mussels,3
mixed fresh herbs,3
lime zest,15
unflavored gelatin,6
sunflower seeds,13
seasoned rice vinegar,3
sea scallops,7
cod,6
unbleached white flour,3
swiss chard,3
skim milk,42
mild chili powder,2
couscous,12
dried basil leaves,6
whole bay leaf,2
wine vinegar,6
ground beef round,2
chive & onion cream cheese,1
pesto sauce mix,1
pimientos,7
baking mix,3
phyllo pastry,4
spinach,32
spring onions,5
leek,9
cherries,7
prosciutto,13
dry marsala wine,3
vegetarian worcestershire sauce,1
dried tarragon,9
ground chicken,7
fresh oregano,18
fresh mozzarella cheese,3
lobster meat,2
dry sherry,35
biscuit mix,4
frozen raspberries,5
cucumbers,47
of fresh mint,19
monterey jack pepper cheese,10
fresh small shrimp,1
peas,10
malt vinegar,4
stout beer,2
whole allspice,5
small red potatoes,4
coarse grain mustard,5
boneless pork chops,13
condensed chicken broth,6
chicken liver,3
bacon bits,15
10-inch flour tortillas,7
low fat cottage cheese,4
dark soy sauce,7
ground paprika,3
spiral shaped pasta,2
fresh tomato,10
bulk pork sausage,6
beef steaks,1
low sodium soy sauce,27
boneless pork loin roast,4
quinoa,15
fresh bean sprout,2
pork,6
berries,8
tuna in vegetable oil,1
green chili peppers,18
chunky peanut butter,8
bittersweet chocolate chips,1
light mozzarella cheese,1
low-fat sour cream,9
boneless pork loin,6
bittersweet chocolate,12
cooking sherry,6
lobsters,1
unsweetened pineapple chunks,1
fresh dill weed,2
allspice berry,1
candied ginger,1
red apple,1
cinnamon stick,14
okra,6
rock salt,1
tarragon vinegar,4
frying chickens,2
shell pasta,5
unsweetened applesauce,21
fresh cranberries,13
country-style pork ribs,5
pasta shells,5
frozen green pea,5
Bourbon,11
venison steak,2
light raisins,1
minute tapioca,1
wonton wrapper,1
raspberry red wine vinegar,1
key lime juice,11
salmon fillet,9
fresh flat-leaf parsley,8
applesauce,26
white distilled vinegar,2
golden raisin,14
plain nonfat yogurt,8
matzo meal,2
quick-cooking oatmeal,14
semolina flour,1
whole milk ricotta cheese,3
caraway seed,14
fresh pumpkin,2
Splenda Sugar Blend for Baking,1
white corn tortillas,2
frozen corn kernels,5
garlic paste,3
fresh kale,1
Hot Dog/Hamburger Buns/Rolls/Cinnamon Buns Dough Cycle A.b.m.,1
fast rising yeast,13
lean lamb stew meat,1
mascarpone cheese,5
Kahlua,7
french vanilla cool whip,1
crushed tomatoes,37
rubbed sage,6
penne pasta,20
fresh lump crabmeat,1
u- 12 shrimp,1
peppercorns,16
Hass avocadoes,1
shell macaroni,2
panko breadcrumbs,23
crunchy peanut butter,11
wheat germ,12
quick oatmeal,2
coffee,8
sesame seeds,69
ice cream sandwiches,2
salted peanuts,4
anise seed,4
tuna fish,1
frozen cauliflower,1
marshmallow cream,9
graham cracker,6
salsa verde,4
"[""Wyler's chicken bouillon cubes""",1
cremini mushrooms,4
arborio rice,14
ham steak,3
leeks,11
portabella mushrooms,9
dried thyme leaves,16
" ""Kittencal's Marinara Pasta Sauce (Vegetarian)""",2
quick oats,17
coconut cream,2
fresh thyme leaves,7
scallions,47
scotch bonnet pepper,1
self raising flour,3
eggplants,13
ground turmeric,11
mangoes,7
pitted black olives,3
roma tomato,4
crouton,9
frozen shrimp,1
cherry pie filling,17
green onions with tops,3
cellophane noodle,1
beef bouillon cube,8
peppercorn,6
fresh carrot,3
fresh garlic clove,4
N .y. C. Irish Soda Bread,1
frozen limeade concentrate,5
cardamom powder,1
dried rubbed sage,2
rump roast,8
sausages,4
fruit chutney,1
fat-free sugar-free instant chocolate pudding mix,3
fat-free cool whip,6
Cool Whip Free,3
champignon mushrooms,1
Bisquick baking mix,8
Heinz ketchup,3
fresh ground white pepper,3
unbleached flour,14
tart apple,2
savory,4
sweet creamy butter,2
old fashioned oats,18
golden brown sugar,3
Creme de Cacao,1
vanilla vodka,1
pecan halves,20
Heinz Chili Sauce,2
dates,10
pimiento,8
celery rib,24
italian sweet sausage,2
wonton wrappers,10
sushi rice,1
mirin,3
herb seasoned stuffing mix,4
ground oregano,5
greens,3
chicken legs-thighs,2
fresh pepper,2
8-inch flour tortillas,2
dried chives,3
&quot; Perfect&quot; Chocolate Frosting,1
dried dill,15
hot red pepper flakes,6
minced beef,2
puff pastry sheets,1
pineapple tidbits,4
purple onion,8
jumbo eggs,1
flour tortilla,10
espresso coffee,1
ladyfingers,1
dry instant coffee,1
chocolate flavor instant pudding and pie filling mix,1
ice cream,5
wine,5
cognac,2
instant mashed potatoes,4
pine nuts,18
hot chili beans,1
baking apples,3
lemons,40
 juice and zest of,9
sponge cake fingers,1
ground mustard,12
ground rosemary,2
instant vanilla flavor pudding and pie filling,2
sherry wine,18
oyster sauce,13
fresh sage,13
white corn syrup,6
canned broth,1
fresh raspberries,5
canned pumpkin puree,3
frozen spinach,25
pre-shredded mozzarella cheese,1
hash brown,1
red lentils,3
cardamom,6
curry leaves,1
ghee,7
baby portabella mushrooms,2
ground cayenne pepper,15
capers,35
roast beef,5
Rotel Tomatoes,7
chocolate fudge instant pudding mix,2
edamame,2
corn kernels,4
kielbasa,19
white rum,4
boneless pork roast,5
dried sage,13
raw zucchini,3
medium pasta shells,1
medium cheddar,2
cream cheese spread,1
wheat flour tortillas,3
rotelle pasta,1
gruyere cheese,8
asiago cheese,4
Fontina cheese,5
dried mustard,2
canned chick-peas,2
head of garlic,4
frozen hash brown potatoes,3
Thai basil,2
dried pinto bean,3
sriracha sauce,3
ginger paste,7
butterscotch pudding mix,1
pecan pieces,3
sirloin tip roast,5
tarragon,6
cod fish fillet,3
fresh green beans,17
fat free chicken broth,3
whole wheat pasta shells,1
colby,2
nectarines,3
bacon fat,2
lime wedge,8
non-iodized salt,1
frozen whole kernel corn,4
tamari soy sauce,4
minced garlic clove,10
reduced-sodium chicken broth,22
white cheddar cheese,3
mint chocolate chip ice cream,1
strawberry ice cream,1
frozen baby peas,2
buttermilk baking mix,1
turkey breast,6
low-fat ricotta cheese,2
lowfat mozzarella cheese,3
dill,16
pancetta,4
chopped pimiento,4
deli roast beef,4
boneless skinless chicken breast half,4
colby-monterey jack cheese,13
orange zest,21
mini marshmallows,8
deli ham,15
English mustard,1
fresh spearmint,3
sultana raisin,1
mild green chilies,7
Spanish onion,8
frozen sweet corn,2
masa harina flour,4
canned plum tomatoes,2
cooked lamb,1
canned tomato,5
seasoned flour,2
pineapple slices,5
walnut halves,3
fresh thyme leave,5
English muffins,5
reduced-fat milk,1
Easy Hollandaise Sauce,1
brown lentils,3
nonfat plain yogurt,2
serrano chili pepper,1
andouille sausages,4
diced tomatoes with juice,9
long-grain rice,10
low-fat mayonnaise,11
navel orange,1
strawberry Jell-O gelatin dessert,7
instant pudding mix,3
graham cracker pie crusts,1
seasoned croutons,5
whole corn,4
haddock fillets,3
dried herbs,6
new potatoes,8
fettuccine pasta,9
pesto sauce,5
red curry paste,12
light coconut milk,10
cooked basmati rice,6
smoked gouda cheese,2
savoy cabbage,2
button mushrooms,14
rigatoni pasta,8
hunts tomato paste,1
fresh parsley sprig,2
lemon slice,12
Greek Tzatziki,1
dark raisin,3
boneless beef sirloin,1
broccoli floret,6
cauliflower floret,1
poppy seed,21
wheat flour,5
Amaretto,6
fat free sour cream,4
apricots,3
bell pepper,37
"[""confectioners' sugar""",4
turkey carcass,4
solid white tuna,3
lettuce leaf,13
Hungarian paprika,5
hard-boiled egg,5
low-fat milk,12
skinless chicken breasts,6
canned chicken broth,6
black coffee,3
wasabi,2
pickled ginger,1
general purpose white flour,1
golden syrup,4
dark red kidney beans,7
gelatin powder,1
spaghetti squash,7
Mexican-style stewed tomatoes,2
green olives,12
sun-dried tomatoes packed in oil,3
basmati rice,10
fresh onion,2
mozzarella-parmesan cheese blend,1
cooked pasta,4
nonfat milk,18
Splenda granular,11
Egg Beaters egg substitute,4
strong black coffee,3
pecorino romano cheese,6
sausage meat,1
Robin Hood oats,1
kale leaves,3
garlic bagel chips,1
firm tofu,9
Red Bliss potatoes,1
green onion top,2
smoked kielbasa,3
navy beans,3
bulgur,4
raw peanuts,2
figs,2
fresh ahi tuna,1
round onion,2
Chinese chili sauce,2
hawaiian sea salt,2
beef brisket,6
sweetened flaked coconut,23
vital wheat gluten,4
hamburger meat,2
light sour cream,11
feta,4
olive oil flavored cooking spray,13
alfredo sauce,6
flat-leaf Italian parsley,5
serrano chili,4
cumin seeds,4
jalapeno chiles,6
cheese slice,2
solid pack pumpkin,3
double-acting baking powder,1
dried ancho chile powder,3
fryer chickens,2
peanuts,13
whole cloves,18
diced tomatoes with mild green chilies,5
pinto beans in chili sauce,1
baked corn tortilla chips,3
lamb loin chops,1
spiced rum,1
bulk Italian sausage,2
" ""Kittencal's Pizza Sauce""",1
extra firm tofu,7
Philadelphia Cream Cheese,2
marshmallow creme,14
skinless chicken,1
red capsicums,1
semolina,2
red snapper fillets,2
Rustic Spice Rub (Bulk),1
raw shrimp,6
file powder,1
fresh black pepper,7
oranges,12
parsley sprig,5
mixed berry,2
dill pickles,10
vanilla flavoring,6
powdered milk,13
frozen sliced strawberries in syrup,1
instant lemon pudding mix,4
soft taco-size flour tortillas,2
Crisco shortening,8
habanero peppers,2
papayas,1
chicken bouillon granule,2
broccoli coleslaw mix,2
nonfat beef broth,2
cooked long-grain rice,5
lime Jell-O gelatin,2
vanilla ice cream,4
stewing beef,3
saffron thread,4
risotto rice,1
whole cardamom pods,1
cinnamon sticks,19
plums,4
black sesame seed,1
ahi tuna steaks,2
turkey broth,6
sweet peas,1
vanilla yogurt,7
honey graham crackers,2
instant lemon pudding,4
vegan mayonnaise,1
unsweetened soymilk,1
yellow mustard seeds,1
dried tamarind,1
mint,5
light rum,2
canned tomatoes,6
dry pasta shell macaroni,2
instant coffee granules,8
Chinese five spice powder,5
instant coffee powder,4
chocolate curls,2
gruyere,3
plain fat-free yogurt,5
boneless pork loin chops,2
distilled vinegar,1
flounder fillets,3
watermelon,3
rotel,4
diced tomato,11
cashews,14
pear,3
frozen cranberries,1
chicken parts,4
boneless bottom round roast,1
asparagus spear,3
green tomatoes,5
lean ground lamb,3
mahi mahi fillets,4
Brussels sprout,3
sugar-free instant vanilla pudding mix,3
2% evaporated milk,1
golden delicious apple,3
Taco Seasoning Mix - the Best!,1
burrito-size flour tortillas,1
crisp bacon,3
baby butter beans,1
boursin cheese,3
smoked streaky bacon,1
watercress,1
dried rosemary leaves,4
bamboo shoot,5
pumpkin pie spice,19
bottom round beef roast,2
haddock fillet,1
dijon-style mustard,5
red cabbage,3
gram flour,1
small marshmallow,1
red baking apples,1
skinless chicken breast,1
sliced apples,4
beets,11
lima beans,2
granny smith apple,5
instant coconut pudding mix,1
whole berry cranberry sauce,3
raw carrots,2
mint leaf,5
dry vermouth,2
unsweetened coconut milk,5
fresh basil leaves,12
pitted ripe olives,5
nuoc nam,2
star anise,2
head of cabbage,7
jellied cranberry sauce,2
bok choy,5
sweet bell peppers,1
graham cracker pie crust,5
instant banana pudding mix,2
low-fat plain yogurt,5
raw sugar,4
semisweet vegan chocolate chips,2
leaf lettuce,4
solid white tuna packed in water,3
fresh parmesan cheese,9
diced pimentos,4
Italian parsley,13
small curd cottage cheese,4
corn tortilla,1
boneless pork shoulder,6
chicken drumstick,1
Italian tomatoes,4
boneless chicken breast,7
dried mint,4
low-fat cream cheese,6
large marshmallows,1
kiwi fruits,2
beef tenderloin,5
kosher dill pickles,1
bouillon,2
tuna in water,7
light cottage cheese,1
light monterey jack cheese,1
light cheddar cheese,3
white shoepeg corn,2
tap water,5
lemon peel,9
potato starch,11
fresh broccoli florets,2
leg of lamb,6
Malibu rum,2
red salmon,2
Tzatziki,1
halibut fillets,5
adobo seasoning,3
fresh corn,7
yukon gold potato,2
dried black-eyed peas,3
shiitake mushroom,4
sun-dried tomato packed in oil,6
blackberries,6
lean bacon,3
The Best French Salad Dressing,1
Gluten-Free Flour Blend,1
guar gum,1
turnips,5
Grey Poupon Dijon Mustard,2
fat-free cheddar cheese,1
liquid smoke flavoring,4
dark molasses,4
miniature bagels,2
sole fillets,3
ground cardamom,15
coriander powder,5
paneer cheese,1
scallops,4
"[""Kittencal's Italian Melt-In-Your-Mouth Meatballs""",2
fresh peas,4
9-inch graham cracker crusts,1
butter beans,2
amchoor powder,1
green chili pepper,4
broccoli rabe,1
tapioca pudding,1
key lime zest,2
smoked salmon,3
tamari,3
fresh Brussels sprouts,2
cracked pepper,6
kirby cucumber,1
baking apple,1
granola cereal,3
baking potato,1
light butter,4
prepared stuffing,4
solid-pack pumpkin,1
macaroni noodles,1
sweet pickles,1
sirloin tip steaks,3
Irish Soda Bread,2
Baileys Irish Cream,3
fontina,1
fresh crabmeat,3
graham cracker squares,1
chocolate bar,1
chicken piece,2
chicken breast fillets,1
black-eyed peas,8
orange bell pepper,2
dried cherries,1
gouda cheese,5
pudding,1
ham shanks,1
celery powder,1
fresh coriander leaves,4
gorgonzola,5
whole buttermilk,2
eye of round roast,2
Lea & Perrins Worcestershire Sauce,1
tomatillo salsa,1
skinless chicken piece,2
great northern bean,2
tomato sauce with basil garlic and oregano,1
mushroom pieces,6
sliced water chestnuts,8
berry blue gelatin mix,1
raspberry Jell-O gelatin,1
polska kielbasa,2
habanero pepper,3
chipotle chile in adobo,8
dried red lentils,1
tuna steak,1
Japanese eggplants,3
dried lentils,6
long-grain white rice,9
hot paprika,2
cardamom pods,2
black tea,1
cornbread stuffing mix,2
hash brown patties,1
burrito-size flour tortilla,1
boneless chicken,5
dry linguine,2
dried currants,1
lime rind,1
raclette cheese,1
steamed rice,2
salsa fresca,1
anchovy paste,4
ground walnuts,2
phyllo pastry sheets,2
reduced-fat cream cheese,2
Red Delicious apples,3
small red potato,1
instant espresso,1
dried chervil,1
dried savory,2
pistachio pudding mix,1
smoked ham hocks,2
bacon drippings,6
fresh zucchini,3
catfish fillets,4
purple onions,1
solid shortening,1
bucatini pasta,2
dried mint flakes,1
red lentil,6
white potato,2
self-rising flour,20
Classico Alfredo with sun dried tomatoes,1
sweet basil,1
Stove Top stuffing mix,6
flax seed,4
fat-free sugar-free instant vanilla pudding mix,1
tapioca starch,2
whipped butter,2
dried kidney beans,1
ham hock,2
beef chuck,1
coarse onions,1
cornflour,2
frozen puff pastry,2
camembert cheese,1
enriched flour,1
wonton skins,3
Sunday Gravy (Real Italian Spaghetti Sauce)and Meatballs,1
boneless beef top sirloin steaks,2
Polish sausage,1
fine salt,2
parsnip,2
fresh rhubarb,4
radish,3
head cauliflower,2
orange gelatin,1
baby potatoes,4
baby red potato,3
kasseri cheese,2
garlic head,1
instant pistachio pudding mix,2
crushed pineapple with juice,2
sugar substitute,4
minced clams,2
white sauce,3
fat free sugar-free instant butterscotch pudding mix,1
dried yeast,4
Italian-style tomatoes,2
pre-rolled puff pastry sheets,1
ground sausage,3
coconut cream pudding mix,1
sake,1
vanilla beans,3
grapefruits,1
acorn squash,6
Italian stewed tomatoes,1
butter flavor shortening,5
polenta,2
season salt,5
low sodium beef broth,6
quick curing salt,1
picante salsa,1
canned artichoke hearts,2
white cabbage,1
garlic sprouts,1
compressed yeast cakes,1
French style green bean,1
coarse sea salt,3
vanilla flavor instant pudding and pie filling mix,1
filet of beef,2
Classic Pie Crust,1
 Idiot Proof Step-By-Step Photo Tutorial,1
Burgundy wine,7
low-sodium instant chicken bouillon granules,1
reduced-fat mozzarella cheese,2
"[""Jo Mama's World Famous Spaghetti""",1
allspice berries,2
pignolis,1
fennel,2
vermouth,1
arugula,1
napa cabbage,8
water chestnut,4
lumpia skins,1
thick slab bacon,2
dried pinto beans,1
fat-free evaporated milk,4
reduced-calorie margarine,2
creole mustard,3
red chili peppers,1
Vegetarian banana pudding mix,1
rabbit,1
cranberry juice,7
banana instant pudding,2
hard cheese,1
Chinese barbecue pork,1
fresh bean sprouts,1
clear honey,1
yellow sweet onions,1
sweetened coconut,3
French style green beans,1
dark corn syrup,3
hickory liquid smoke,1
quick-cooking grits,1
" ""za'atar spice mix""",1
chipotle chiles,2
chipotle chile,2
unsulphured molasses,1
raw potatoes,2
streaky bacon,1
nonfat yogurt,3
canned corn niblets,1
asparagus spears,7
poblano chiles,3
yellow bell peppers,2
ripe olives,6
Red Delicious apple,1
Spanish rice mix,1
vegemite,1
hot Italian sausage,3
frozen green peas,2
hazelnuts,2
beef eye round,1
old-fashioned oatmeal,2
chipotle hot sauce,1
chipotle peppers,2
gluten,1
lamb chops,2
pearl tapioca,1
miso,2
Gold Medal all-purpose flour,1
baby bok choy,2
roasted garlic,1
tomato ketchup,5
lobster tails,2
wasabi paste,1
lean round steak,1
wild rice,7
whole black peppercorns,2
Swanson chicken broth,2
Karo light corn syrup,1
graham cracker crumb crust,1
top round steak,2
unsweetened coconut,3
raw cauliflower,1
demi-glace,1
split red lentils,3
vegetable bouillon cubes,3
center-cut pork chops,3
fresh tarragon,3
apple cider,4
dry buttermilk,1
boneless ham,1
ladyfinger,1
raspberry gelatin powder,1
red sweet pepper,1
tortillas,4
dried garlic,4
navel oranges,2
tomatoes with garlic,2
romaine lettuce leaves,3
fresh cilantro stem,1
five-spice powder,3
bamboo shoots,3
soft tofu,1
pears,8
dry pinto beans,2
head broccoli,1
yogurt,9
" ""Kittencal's Taco Seasoning Mix""",2
sugar-free fat-free butterscotch pudding,1
brown sugar substitute,3
orange marmalade,9
dry parmesan cheese,2
dill sprigs,1
grapefruit,2
ground pecans,1
dry penne pasta,3
small capers,2
flax seeds,1
tofu sour cream,1
nigella seeds,1
kalamata olives,3
frozen broccoli cuts,1
thick & chunky salsa,1
fresh cilantro leaves,12
prunes,2
light-brown sugar,1
boneless pork,1
small potatoes,2
white chocolate baking squares,1
boneless lamb,2
black cardamom pod,1
mild Italian sausage,4
cake tofu,1
gelatin,1
Equal sugar substitute,3
yellow sweet onion,1
sweet bell pepper,1
Mexican chili powder,1
dried cilantro,4
wasabi powder,2
tuna steaks,4
part-skim ricotta cheese,3
rice paper sheet,1
small shrimp,1
fresh mint leaves,5
boneless beef roast,1
fresh corn kernels,1
8-inch graham cracker crust,1
prepared graham cracker crust,4
sun-dried tomato pesto,1
" ""Kittencal's Famous Caesar Salad""",1
caesar-flavor croutons,2
chicken thigh pieces,1
other dry white wine,1
raw cashews,3
reduced-fat cheddar cheese,1
fat free tortillas,3
bottled lemon juice,1
mango,11
chicken bouillon powder,4
mostaccioli pasta,1
parmigiano,2
chicken halves,1
Italian-style stewed tomatoes,5
low fat mozzarella,2
chili pepper,2
no-added-salt tomato paste,2
banana peppers,1
scotch bonnet peppers,3
curry,1
sweet potato,10
light processed cheese,1
green chili salsa,2
whole green onions,1
Cool Whip Lite,2
sharp white cheddar cheese,1
kiwi,4
pistachios,4
Roquefort cheese,2
fresh pineapple,4
2% cheddar cheese,1
parchment paper,3
nectarine,2
cellophane noodles,1
cooked jasmine rice,2
sambal oelek,6
green chili sauce,1
cilantro leaves,4
ditali pasta,1
bay scallop,1
almond butter,1
6-inch flour tortillas,2
mild salsa,4
coriander leaves,3
instant butterscotch pudding mix,3
cooking onions,1
dried black beans,1
small mushrooms,1
sliced ripe olives,5
fennel bulb,1
yellow sweet pepper,3
ground coffee,3
triple sec,3
top round steaks,2
ground flax seed,1
snow peas,6
English cucumbers,1
smoked bacon,3
boiling potatoes,1
fenugreek seeds,1
whole cumin seed,1
rack of lamb,1
spring onion,9
garlic heads,1
canned cannellini,1
reduced-fat sour cream,1
cooking onion,1
bouillon cubes,2
" ""French's mustard""]",1
unsweetened raspberry,1
raw rice,1
thompson seedless grapes,2
chicken breast fillet,1
instant chicken bouillon granules,2
green curry paste,2
creamed shortening,1
portabella mushroom caps,2
tortilla,2
Minute Rice,4
dry pasta,3
broiler-fryer chickens,5
green onion tops,2
mango chutney,6
vanilla pudding mix,2
sugar-free orange gelatin,1
sugar-free white chocolate pudding mix,1
ginger marmalade,1
Tabasco jalapeno sauce,1
sage leaves,5
frozen Brussels sprouts,1
leaf oregano,1
perch,1
Italian plums,1
skim milk powder,4
white whole wheat flour,1
piloncillo cones,1
artichokes,1
no-salt-added chicken broth,1
Italian-style tomato sauce,2
instant flour,1
Japanese sake,1
full-fat milk,4
dried garbanzo beans,2
dill pickle slices,2
instant bouillon granules,1
black sesame seeds,1
Thai red curry paste,3
Italian-style diced tomatoes,2
pico de gallo,3
medium hot salsa,1
seedless raisin,1
currants,6
cherries in syrup,1
lean ham,3
vegetarian bacon,1
portabella mushroom,1
unsweetened dried shredded coconut,2
sorghum,1
lime peel,1
tempeh,1
skinless chicken breast halves,3
fat free salsa,1
adobo sauce,4
Velveeta Mexican cheese,2
fast-rising active dry yeast,1
phyllo dough,3
frozen sweetened strawberries,2
salt pork,2
fresh rosemary leaf,2
white corn,2
beef bones with marrow,1
skinless chicken breast half,1
queso anejo,1
red swiss chard,1
fresh pears,2
apple butter,3
Creamy Horseradish Dip,1
instant espresso powder,1
breakfast sausage,1
chicken fillets,1
grainy mustard,4
mcintosh apples,1
craisins,2
pure maple syrup,5
lemon twist,1
palm sugar,1
Thai fish sauce,1
vegetarian refried beans,2
black soybeans,1
powdered cumin,1
poblano chile,1
queso fresco,1
sugar-free instant chocolate pudding mix,1
vanilla-flavored soymilk,3
fresh cherries,1
mint sprigs,2
red chili pepper,1
canned whole kernel corn,1
vegetable bouillon cube,1
Chunky Guacamole,1
cantaloupe,4
sherry wine vinegar,2
fresh shrimp,3
boston lettuce,1
tomatoes with basil,1
nutritional yeast,5
panir,1
turmeric powder,3
lite olive oil,5
whole green chilies,3
farfalle pasta,3
fat free mozzarella cheese,1
low-fat parmesan cheese,1
artichoke heart,1
chile,2
coriander sprig,2
garlic and cheese flavored croutons,1
ducklings,1
fresh thyme sprig,1
light chunk tuna in water,1
tiny new potatoes,1
cream of coconut,2
Corona beer,1
brown and serve sausages,1
tomatoes with onion and garlic,1
swordfish steaks,1
frozen tiny peas,3
converted white rice,1
cooked pork,1
tomatoes seasoned with basil garlic & oregano,1
pearl barley,4
fresh salmon,1
reduced-fat sharp cheddar cheese,3
brewed coffee,6
dried red kidney beans,1
smoked ham hock,3
canned chipotle chiles,1
frozen unsweetened strawberries,1
kaffir lime leaves,3
red chilies,6
sumaq,1
raspberry vinegar,3
chocolate milk,2
sugar snap peas,1
fresh mango,1
cream cheese with chives,2
self-raising flour,5
pomegranate juice,1
citrus-infused vodka,1
sparkling water,1
dried sweet basil leaves,4
vanilla bean,1
black and red pepper blend,1
serrano chilies,1
cream-style cottage cheese,1
canned peas,1
fryer chicken,1
parsnips,2
prosciutto ham,1
converted rice,2
shoulder lamb chops,1
tri-tip roast,2
yellow rice,1
lamb shanks,1
port wine,1
low-fat margarine,1
soda water,2
comino,1
soft silken tofu,1
1% fat cottage cheese,1
Miracle Whip light,2
instant decaffeinated coffee,1
black walnut,1
tonic water,1
dried navy beans,2
sweet apple,2
seedless European cucumber,1
rosemary sprigs,1
soft brown sugar,3
French Dijon mustard,1
 juice and rind of,1
herbed croutons,1
Amarula cream liqueur,1
cranberry sauce,1
diced fire-roasted tomatoes,2
Italian-style tomato paste,1
sirloin beef,1
nutritional yeast flakes,2
french-style green beans,1
dry parsley flakes,1
buttermilk biscuit mix,1
tamarind pulp,1
powdered saffron,1
mace,1
cauliflower florets,4
fresh blackberries,2
green sweet pepper,2
white wine worcestershire sauce,1
chocolate instant pudding,1
bottom round steaks,1
vegetable bouillon granules,1
herb stuffing mix,2
acini di pepe pasta,1
bear shaped graham crackers,1
low-fat peanut butter,1
pineapple chunk,1
brown button mushrooms,1
whole wheat tortillas,3
Pasta Sauce #1,1
fuji apple,1
fresh herbs,4
canned tuna,1
whole mustard seeds,1
green onion stems,1
steel cut oats,2
bread machine quick-acting active dry yeast,1
cayenne pepper sauce,2
avocado dip,1
Grand Marnier,2
lean hamburger,2
frozen artichoke hearts,1
sugar-free instant pudding mix,2
frozen southern style hash brown potatoes,1
" ""Aunt Jane's Krazy Mixed Up Salt""",1
frozen sliced strawberries,2
instant chocolate fudge pudding,1
red grapes,1
mild sausage,2
white mushroom,1
garbanzo flour,1
sweet dark mustard,1
other sweet onion,1
pineapple chunks in juice,4
Chinese cabbage,1
fresh snow pea,1
sugar-free vanilla pudding mix,1
potato & cheese pierogies,1
fresh lemon zest,2
clam,1
diced tomatoes with basil oregano and garlic,2
bulb of garlic,2
Taco Seasoning - Budget Friendly Seasoning for Tacos,1
 Burritos..,1
fresh cilantro stems,1
tiny pasta,1
6-inch corn tortillas,1
Chinese eggplants,1
pineapple rings,2
bagels,1
fingerling potato,1
12-inch flour tortillas,1
beef mince,1
Cool Whip Topping,2
plum,1
blackstrap molasses,1
vanilla custard powder,1
squash,3
processed cheese,3
firm silken tofu,1
Wondra Flour,1
hungarian wax chile,1
skinless salmon fillet,2
herb-seasoned salt,1
extra-large eggs,3
reduced-fat coconut milk,1
kohlrabi,1
boneless beef cubes,1
quick-rising yeast,1
green grapes,2
boneless beef chuck shoulder pot roast,1
bagel,1
barbecued chicken,1
tandoori paste,1
pickles,2
red currant jelly,2
radishes,1
salted cashews,1
huckleberries,1
" ""Libby's canned pumpkin""",1
lemongrass,3
boneless beef chuck,1
soybeans,1
frozen English peas,1
trout,1
half & half light cream,1
Mexican-style stewed tomatoes with jalapeno peppers,1
mafalda pasta,2
seedless cucumber,1
Bisquick reduced-fat baking mix,1
green tomato,2
sweet white onion,1
alfalfa sprouts,1
very strong coffee,1
canned kidney beans,2
black-eyed peas with jalapenos,1
romaine lettuce leaf,1
Chinese wine,1
green serrano chilies,2
Spanish onions,3
basil sprig,1
cremini mushroom,1
dry fettuccine,1
ranch style black-eyed peas,1
ranch style black-eyed peas with jalapenos,1
10-minute Success rice,1
" ""Kittencal's Seasoned Dry Italian Breadcrumbs""",1
fresh rosemary leaves,2
beef liver,2
English muffin,3
light cheese,1
ReaLime juice,1
whole tomato,1
dry dill weed,1
cranberry juice cocktail,2
jalapeno jack cheese,4
sorghum flour,1
amaranth flour,1
red cayenne pepper,6
red radish,2
raw honey,1
coconut oil,2
sweet sherry,1
Hellmanns Mayonnaise,1
strawberry puree,1
fresh scallops,1
fat free egg substitute,1
croutons,3
lamb fillets,1
fine sea salt,2
coffee ice cream,1
yoghurt,3
low-fat vanilla yogurt,2
blackberry,2
ajinomoto,1
duck,1
madeira wine,1
frozen baby lima beans,1
chicken fat,1
screwpine leaves,1
garlic oil,1
light soya sauce,1
corn tortilla strips,1
broccoli stem,1
turnip,1
Bud Light beer,1
100 proof vodka,1
red sweet peppers,1
mushroom caps,1
lemon low fat yogurt,1
mushroom cap,1
dried currant,2
frozen shredded hash browns,1
manioc starch,1
frying chicken,1
light muscovado sugar,1
reduced-fat monterey jack cheese,1
fresh sage leaves,1
real maple syrup,2
fine semolina,1
mint sprig,1
garam masala powder,1
danish blue cheese,1
golden raisins,1
Tomatillo Sauce,1
pink grapefruit,2
quick-cooking barley,1
hearts of palm,1
sweet Hungarian paprika,1
fresh marjoram,1
spaetzle noodles,1
red Irish ale,2
instant chicken bouillon,1
instant espresso coffee powder,2
cabbage coleslaw blend,1
fresh snow peas,1
tea,1
homogenized milk,1
medium-dry sherry,1
lardons,2
haricot beans,1
bouquet garni,1
white crab meat,1
stone ground dijon mustard,1
Hass avocado,1
ground mixed spice,1
fresh chili pepper,1
sweet oranges,1
hot chili sauce,2
cashew pieces,1
beef drippings,1
salad potatoes,1
real vanilla extract,3
crushed tomatoes in puree,1
sour dill pickles,1
Kikkoman soy sauce,1
lamb shoulder,1
catfish fillet,1
chocolate ice cream,1
cauliflower head,1
porridge oats,1
broccoli stems,1
red leaf lettuce,1
havarti cheese,1
vegan sour cream,1
whole wheat pastry flour,3
honeydew melon,1
rock melon,1
red currants,1
black currants,1
kiwi fruit,1
tangerine,1
dried white beans,1
chickpea flour,1
Red Star nutritional yeast,1
lemon yogurt,1
marsala,2
gluten flour,2
ready-to-serve beef broth,1
plum sauce,2
frisee,1
diced tomatoes with garlic and olive oil,1
baking chocolate,1
red table wine,1
sweet vermouth,1
yellow hominy,1
leaf thyme,1
pheasants,1
mesclun,1
marshmallow whip,1
almond paste,1
green cardamom pods,1
Herdez red salsa,1
stone ground mustard,2
fresh sea scallops,1
yellow sweet peppers,1
low-sodium beef bouillon cubes,1
instant coffee crystals,1
diced tomatoes with green pepper and onion,1
plum jam,1
canned pimiento,1
onion white,1
fresh galangal root,1
chunk pineapple,1
Morton Tender Quick salt,1
garlic juice,1
unsalted cashews,1
mixed berries,1
fat free sharp cheddar cheese,1
beet,1
" ""Land o' Lakes Butter""",1
cubanelle pepper,1
Masterpiece Original barbecue sauce,1
spinach tortillas,1
Italian plum tomato,1
mozzarella string cheese,1
fat-free cottage cheese,1
boneless leg of lamb,1
boneless beef top sirloin steak,1
Greek oregano,1
romaine lettuce hearts,1
low-fat yogurt,1
shiitake mushrooms,1
fresh raspberry,1
preserved lemons,1
red chile,1
sage sprig,1
light margarine,1
ale,1
beef sirloin,1
fresh coconut,1
marmalade,1
prune,1
tapioca,1
wheat gluten,1
dried shredded coconut,1
papaya,1
canned red kidney beans,1
plain white flour,1
extra-large shrimp,1
frozen french fries,1
five-spice seasoning,1
instant white chocolate pudding and pie filling mix,1
frozen mixed berries,1
arrowroot,1
ground fennel,2
low-fat coconut milk,1
pistachio nut,1
fresh large mushroom,1
dried tarragon leaves,1
walnut oil,1
coffee beans,1
DOLE&reg; Banana,1
amaretto liqueur,1
english walnuts,1
canned whole tomatoes,1
dry oregano leaves,1
Spanish rice,1
carob powder,1
2% fat cottage cheese,1
whole wheat tortilla,1
lettuce leaves,1
beefsteak tomatoes,1
sage leaf,1
canned sliced potatoes,1
stuffed green olive,1
raw sweet potato,1
mint leaves,1
whole mushroom,1
nam pla,1
Bacardi dark rum,1
non-fat vanilla yogurt,1
dried coriander,1
light molasses,1
dried mushroom,1
sage sausage,1
roasted sesame seeds,1
" ""French's mustard""",1
coconut flakes,1
"[""Hellmann's mayonnaise""",1
ground fenugreek,1
